DNA_Tube	specimenID	speciesID	speciesIDTribe	sex	Assembly.statusLHE3	S_LHE3	Tromor	Tropheini	F	doneJWF4	S_JWF4	Sarcar	Serranochromini	Juvenile	doneJWE1	S_JWE1	Ampzal	Amphilophini	M	doneGPB2	S_GPB2	Batfas	Bathybatini	F	doneILG7	S_ILG7	Batgra	Bathybatini	M	doneIUI8	S_IUI8	Batgra	Bathybatini	F	doneITH3	S_ITH3	Batfas	Bathybatini	M	doneJDE4	S_JDE4	Bathor	Bathybatini	M?	missingJDE3	S_JDE3	Bathor	Bathybatini	M	doneILF7	S_ILF7	Batleo	Bathybatini	F	doneITD7	S_ITD7	Batleo	Bathybatini	M	doneIXA5	S_IXA5	Batmin	Bathybatini	F	doneIXC2	S_IXC2	Hemste	Bathybatini	M	doneIXC3	S_IXC3	Hemste	Bathybatini	F	doneIZA5	S_IZA5	HemstZ	Bathybatini	NA	doneJBG3	S_JBG3	Batmin	Bathybatini	M	doneJDE6	S_JDE6	Batvit	Bathybatini	M	doneJDE7	S_JDE7	Batvit	Bathybatini	F	doneLCD6	S_LCD6	Batfer	Bathybatini	M	doneLCD7	S_LCD7	Batfer	Bathybatini	F	doneLJC5	S_LJC5	HemstZ	Bathybatini	F	doneILF8	S_ILF8	Benhor	Benthochromini	M	doneILG3	S_ILG3	Benhor	Benthochromini	F	doneLEF2	S_LEF2	BenhoM	Benthochromini	M	doneIXB8	S_IXB8	Benmel	Benthochromini	M	doneIZA2	S_IZA2	Benmel	Benthochromini	F	doneLDA7	S_LDA7	Bentri	Benthochromini	M	doneLDA9	S_LDA9	Bentri	Benthochromini	F	doneJAE7	S_JAE6	Boumic	Boulengerochromini	F	doneJCF2	S_JCF2	Boumic	Boulengerochromini	M	doneJWE4	S_JWE4	Bencon	Chromidotilapini	M	doneJWI4	S_JWI4	Peltae	Chromidotilapini	M	doneJWI5	S_JWI5	Peltae	Chromidotilapini	F	doneJWD7	S_JWD7	Andbis	Cichlasomini	NA	doneJWD8	S_JWD8	Bujvit	Cichlasomini	M	doneJWE5	S_JWE5	Copbak	Coptodini	NA	doneJWE6	S_JWE6	Copren	Coptodini	M	doneKAG3	S_KAG3	Cphfr5	Cyphotilapiini	M	doneKDG2	S_KDG2	Cphfr5	Cyphotilapiini	F	doneDMD1	S_DMD1	Cteben	Cyphotilapiini	M	doneINH7	S_INH7	Cphgib	Cyphotilapiini	M	doneINH9	S_INH9	Cphgib	Cyphotilapiini	F	doneIYA8	S_IYA8	Cteben	Cyphotilapiini	F	doneLEI6	S_LEI6	Cphfro	Cyphotilapiini	F	doneLEI9	S_LEI9	Cphfro	Cyphotilapiini	M	doneJVE1	S_JVE1	Cypmic	Cyprichromini	M	doneJVF2	S_JVF2	Cypmic	Cyprichromini	F	doneJXI2	S_JXI2	PcybrN	Cyprichromini	M	doneJXI4	S_JXI4	PcybrN	Cyprichromini	F	doneGPC6	S_GPC6	Pcynig	Cyprichromini	F	doneKFA7	S_KFA7	Cypdwj	Cyprichromini	M	doneKFA9	S_KFA9	Cypdwj	Cyprichromini	F	doneGPC4	S_GPC4	Pcynig	Cyprichromini	M	doneBel16	S_Bel16	Cypkib	Cyprichromini	M	doneBel18	S_Bel18	Cypkib	Cyprichromini	F	doneGPC9	S_GPC9	Cypzon	Cyprichromini	M	doneGPD1	S_GPD1	Cypzon	Cyprichromini	F	doneINH1	S_INH1	Cypkan	Cyprichromini	M	doneIQC1	S_IQC1	Pcybri	Cyprichromini	F	doneISI2	S_ISI2	Cyplep	Cyprichromini	M	doneISI6	S_ISI6	Cyplep	Cyprichromini	F	doneJEB2	S_JEB2	Cyppav	Cyprichromini	M	doneJEB4	S_JEB4	Cyppav	Cyprichromini	F	doneJEC7	S_JEC7	Cypcol	Cyprichromini	M	doneJED2	S_JED2	Cypcol	Cyprichromini	F	doneJWD1	S_JWD1	Pcytem	Cyprichromini	M	doneJWD2	S_JWD2	Pcytem	Cyprichromini	F	doneBND3	S_BND3	Calmac	Ectodini	M	doneBND5	S_BND5	Calmac	Ectodini	F	doneAVH2	S_AVH2	Cyafur	Ectodini	M	doneAYE5	S_AYE5	Cyafur	Ectodini	F	doneAWC5	S_AWC5	Enamel	Ectodini	M	doneBNC5	S_BNC5	Enamel	Ectodini	F	doneIQD3	S_IQD3	Ophven	Ectodini	M	doneIQE4	S_IQE4	Ophven	Ectodini	F	doneIPE3	S_IPE3	Xenbou	Ectodini	M	doneIPE7	S_IPE7	Xenbou	Ectodini	F	doneIMF7	S_IMF7	Xennas	Ectodini	M	doneIMF8	S_IMF8	Xennas	Ectodini	F	doneAXB5	S_AXB5	Xenspi	Ectodini	M	doneAXB8	S_AXB8	Xenspi	Ectodini	F	doneAUA1	S_AUA1	Auldew	Ectodini	F	doneAUA9	S_AUA9	Auldew	Ectodini	F	doneAXH8	S_AXH8	Ophnas	Ectodini	F	doneBel03	S_Bel03	Xenkil	Ectodini	M	doneBel06	S_Bel06	Ophhet	Ectodini	M	doneGPF8	S_GPF8	Xensun	Ectodini	M	doneIOD4	S_IOD4	Cyafoa	Ectodini	F	doneIOD6	S_IOD6	Cyafoa	Ectodini	M	doneIRA1	S_IRA1	Lesper	Ectodini	M	doneIRA2	S_IRA2	Lesper	Ectodini	F	doneIRD8	S_IRD8	Ectdes	Ectodini	F	doneIRE3	S_IRE3	Xensin	Ectodini	F	doneIUF7	S_IUF7	Xensim	Ectodini	M	doneIVB5	S_IVB5	Xenbat	Ectodini	F	doneIVF5	S_IVF5	Xenpap	Ectodini	F	doneIWD8	S_IWD8	Cunlon	Ectodini	F	doneIXC1	S_IXC1	Xencau	Ectodini	F	doneIZC7	S_IZC7	XenniS	Ectodini	M	doneJBE6	S_JBE6	Mdcrot	Ectodini	M	doneJDD8	S_JDD8	Gralem	Ectodini	F	doneJVH2	S_JVH2	Lessta	Ectodini	F	doneJVH3	S_JVH3	Lessta	Ectodini	M	doneJYF7	S_JYF7	Ophpar	Ectodini	M	doneJZE2	S_JZE2	Calple	Ectodini	M	doneJZE8	S_JZE8	Xenorn	Ectodini	F	doneKAF1	S_KAF1	Carsch	Ectodini	M	doneKAF3	S_KAF3	Calmel	Ectodini	M	doneKAF4	S_KAF4	Calmel	Ectodini	F	doneKAF5	S_KAF5	Xenlon	Ectodini	M	doneKHC4	S_KHC4	EctspN	Ectodini	M	doneKHC5	S_KHC5	EctspN	Ectodini	F	doneLBE2	S_LBE2	Xensim	Ectodini	M	doneLBE9	S_LBE9	Xensim	Ectodini	F	doneLEA3	S_LEA3	XenspN	Ectodini	M	doneLEA4	S_LEA4	XenspN	Ectodini	F	doneLFI6	S_LFI6	Ophboo	Ectodini	F	doneLGH1	S_LGH1	Ophwhi	Ectodini	M	doneLGH3	S_LGH3	Ophwhi	Ectodini	F	doneAXH6	S_AXH6	Ophnas	Ectodini	M	doneBel12	S_Bel12	Ophhet	Ectodini	M	doneGPF9	S_GPF9	Xensun	Ectodini	F	doneIRD9	S_IRD9	Xensin	Ectodini	M	doneIWD7	S_IWD7	Cunlon	Ectodini	M	doneIXB9	S_IXB9	Xencau	Ectodini	M	doneJBE7	S_JBE7	Mdcrot	Ectodini	F	doneA206	S_A206	XenpaK	Ectodini	F	doneBel01	S_Bel01	Xenkil	Ectodini	M	doneINF1	S_INF1	Asplep	Ectodini	F	doneIVF4	S_IVF4	Xenpap	Ectodini	M	doneIXF4	S_IXF4	XenniS	Ectodini	F	doneJAF7	S_JAF7	Xenfla	Ectodini	M	doneJAF9	S_JAF9	Xenfla	Ectodini	F	doneJVI5	S_JVI5	Xenoch	Ectodini	F	doneJZE4	S_JZE4	Calple	Ectodini	F	doneKAF2	S_KAF2	Carsch	Ectodini	F	doneKAF6	S_KAF6	Xenlon	Ectodini	F	doneLHG4	S_LHG4	Mdcten	Ectodini	M	doneLHG6	S_LHG6	Mdcten	Ectodini	F	doneJDD7	S_JDD7	Gralem	Ectodini	M	doneINF2	S_INF2	Asplep	Ectodini	M	doneJXF4	S_JXF4	Eremar	Eretmodini	F	doneJUB6	S_JUB6	Spaery	Eretmodini	M	doneJUB7	S_JUB7	Spaery	Eretmodini	F	doneJYH3	S_JYH3	Tanirs	Eretmodini	M	doneJYH7	S_JYH7	Tanirs	Eretmodini	F	doneIZH7	S_IZH7	Erecya	Eretmodini	M	doneIZI3	S_IZI3	Erecya	Eretmodini	F	doneJXE9	S_JXE9	Eremar	Eretmodini	M	doneJZD3	S_JZD3	Spamar	Eretmodini	F	doneJZB7	S_JZB7	Spamar	Eretmodini	M	doneJWD3	S_JWD3	Etingu	Etini	NA	doneJWD4	S_JWD4	Etrcan	Etroplini	NA	doneJWD9	S_JWD9	Apidip	Geophagini	M	doneJWF9	S_JWF9	Tilbre	Gobiocichlini	F	doneIZA1	S_IZA1	Astbur	Haplochromini	M	doneHXC4	S_HXC4	HplspC	Haplochromini	M	doneHXC5	S_HXC5	HplspC	Haplochromini	F	doneHXC7	S_HXC7	Ortcho	Haplochromini	M	doneJWG3	S_JWG3	Hplvan	Haplochromini	M	doneJYD5	S_JYD5	Hplsta	Haplochromini	F	doneKAE8	S_KAE8	Arcstr	Haplochromini	M	doneKYE2	S_KYE2	Ortred	Haplochromini	M	doneKYE7	S_KYE7	Ortuvi	Haplochromini	M	doneKYG1	S_KYG1	Astpal	Haplochromini	M	doneHXC6	S_HXC6	Ortcho	Haplochromini	F	doneJWF8	S_JWF8	Thobra	Haplochromini	M	doneJYD3	S_JYD3	Hplsta	Haplochromini	M	doneLJD2	S_LJD2	Astfla	Haplochromini	M	doneJWE9	S_JWE9	Hchelo	Hemichromini	M	doneJWE2	S_JWE2	Aussci	Heroini	M	doneJWF1	S_JWF1	Htcmul	Heterochromini	Juvenile	doneJWE3	S_JWE3	Hetbut	Heterotilapini	NA	doneISB1	S_ISB1	Altcom	Lamprologini	M	doneISC9	S_ISC9	Altcom	Lamprologini	F	doneAUE7	S_AUE7	Altfas	Lamprologini	M	doneAXD5	S_AXD5	Altfas	Lamprologini	F	doneAVA9	S_AVA9	Chabri	Lamprologini	F	doneAVB2	S_AVB2	Chabri	Lamprologini	M	doneIRC4	S_IRC4	Juldic	Lamprologini	M	doneIRC5	S_IRC5	Juldic	Lamprologini	F	doneISB7	S_ISB7	Julorn	Lamprologini	M	doneISC1	S_ISC1	Julorn	Lamprologini	F	doneIRB2	S_IRB2	Julreg	Lamprologini	F	doneIRB8	S_IRB8	Julreg	Lamprologini	M	doneILC1	S_ILC1	Lamoce	Lamprologini	M	doneILD3	S_ILD3	Lamoce	Lamprologini	F	doneAVD4	S_AVD4	Lepatt	Lamprologini	M	doneAVG5	S_AVG5	Lepatt	Lamprologini	F	doneAUG8	S_AUG8	Lepelo	Lamprologini	F	doneAUE6	S_AUE6	Lepelo	Lamprologini	M	doneILB6	S_ILB6	Neobre	Lamprologini	M	doneILB7	S_ILB7	Neobre	Lamprologini	F	doneJEI4	S_JEI4	Neobue	Lamprologini	M	doneJEI5	S_JEI5	Neobue	Lamprologini	F	doneIQA4	S_IQA4	Neocau	Lamprologini	F	doneLFD2	S_LFD2	Neocyg	Lamprologini	M	doneLFD4	S_LFD4	Neocyg	Lamprologini	F	doneGPH2	S_GPH2	Neocyl	Lamprologini	F	doneIMG9	S_IMG9	Neomod	Lamprologini	M	doneIMH3	S_IMH3	Neomod	Lamprologini	F	doneIRF8	S_IRF8	Neomul	Lamprologini	F	doneKYA1	S_KYA1	Neonig	Lamprologini	M	doneKYA5	S_KYA5	Neonig	Lamprologini	F	doneISA6	S_ISA6	Neopul	Lamprologini	M	doneISB3	S_ISB3	Neopul	Lamprologini	F	doneISA8	S_ISA8	Neosav	Lamprologini	M	doneIYA4	S_IYA4	Neosav	Lamprologini	F	doneIPF7	S_IPF7	Neotet	Lamprologini	M	doneIPG3	S_IPG3	Neotet	Lamprologini	F	doneJZD5	S_JZD5	Neotoa	Lamprologini	M	doneJZD6	S_JZD6	Neotoa	Lamprologini	F	doneKFD2	S_KFD2	Neowal	Lamprologini	F	doneKFD4	S_KFD4	Neowal	Lamprologini	M	doneLBF7	S_LBF7	TeldhS	Lamprologini	F	doneLBF8	S_LBF8	TeldhS	Lamprologini	M	doneIMB3	S_IMB3	TelteS	Lamprologini	M	doneIMB4	S_IMB4	TelteS	Lamprologini	F	doneJBD5	S_JBD5	Telvit	Lamprologini	M	doneJBD6	S_JBD6	Telvit	Lamprologini	F	doneAUC3	S_AUC3	Varmoo	Lamprologini	F	doneAUC4	S_AUC4	Varmoo	Lamprologini	M	doneJXG8	S_JXG8	Lamkun	Lamprologini	M	doneJXH2	S_JXH2	Lamkun	Lamprologini	F	doneIQA3	S_IQA3	Neocau	Lamprologini	M	doneJEI6	S_JEI6	Neofur	Lamprologini	M	doneJEI8	S_JEI8	Neofur	Lamprologini	F	doneGPH1	S_GPH1	Neocyl	Lamprologini	M	doneA108	S_A108	Neonve	Lamprologini	F	doneA188	S_A188	Neospl	Lamprologini	M	doneBel07	S_Bel07	Chapop	Lamprologini	M	doneBel09	S_Bel09	Chapop	Lamprologini	F	doneBel13	S_Bel13	Neohec	Lamprologini	NA	doneBel14	S_Bel14	Neohec	Lamprologini	NA	doneHXC8	S_HXC8	Telluf	Lamprologini	M	doneILA7	S_ILA7	Neocal	Lamprologini	M	doneILB4	S_ILB4	Neomux	Lamprologini	F	doneILD9	S_ILD9	Julkom	Lamprologini	M	doneILE5	S_ILE5	Neokom	Lamprologini	M	doneILE6	S_ILE6	Neokom	Lamprologini	F	doneILH1	S_ILH1	Neomux	Lamprologini	M	doneIMA1	S_IMA1	Neoobs	Lamprologini	F	doneIMA2	S_IMA2	Neoobs	Lamprologini	M	doneIMD2	S_IMD2	Lepken	Lamprologini	F	doneINA6	S_INA6	Julkom	Lamprologini	F	doneINC7	S_INC7	Neocal	Lamprologini	F	doneIND7	S_IND7	Neosex	Lamprologini	M	doneIND8	S_IND8	Neosex	Lamprologini	F	doneIOE3	S_IOE3	Altcal	Lamprologini	F	doneIOH4	S_IOH4	Lepcun	Lamprologini	F	doneIOE2	S_IOE2	Altcal	Lamprologini	M	doneIPD6	S_IPD6	Lamlem	Lamprologini	F	doneIPH2	S_IPH2	Lamcal	Lamprologini	M	doneIRH2	S_IRH2	Altshe	Lamprologini	M	doneIRH4	S_IRH4	Altshe	Lamprologini	F	doneIRI8	S_IRI8	Telshe	Lamprologini	M	doneIRI9	S_IRI9	Telshe	Lamprologini	F	doneITG2	S_ITG2	Neochr	Lamprologini	F	doneIVE8	S_IVE8	Neocra	Lamprologini	M	doneIVF1	S_IVF1	Neocra	Lamprologini	F	doneIVH1	S_IVH1	Neopro	Lamprologini	M	doneIVH2	S_IVH2	Neopro	Lamprologini	F	doneIWD5	S_IWD5	Lamsig	Lamprologini	M	doneIZI7	S_IZI7	Lamlem	Lamprologini	M	doneIZI8	S_IZI8	Neochr	Lamprologini	M	doneJAB1	S_JAB1	Lamcal	Lamprologini	F	doneJBE8	S_JBE8	Telbra	Lamprologini	M	doneJBE9	S_JBE9	Telbra	Lamprologini	F	doneJDF3	S_JDF3	Neomee	Lamprologini	M	doneJDF5	S_JDF5	LamorS	Lamprologini	M	doneJDG4	S_JDG4	LamorS	Lamprologini	F	doneJDI1	S_JDI1	Neolap	Lamprologini	F	doneJED4	S_JED4	NeoveS	Lamprologini	M	doneJUD4	S_JUD4	TeldhN	Lamprologini	M	doneJUI1	S_JUI1	Neobri	Lamprologini	M	doneJVB4	S_JVB4	Neomon	Lamprologini	M	doneJVB8	S_JVB8	Neomon	Lamprologini	F	doneJVI9	S_JVI9	Telbri	Lamprologini	M	doneJWA3	S_JWA3	LamorC	Lamprologini	M	doneJWA4	S_JWA4	LamorC	Lamprologini	F	doneJWA8	S_JWA8	Lammel	Lamprologini	M	doneJWC8	S_JWC8	Tellan	Lamprologini	M	doneJWG8	S_JWG8	Neohel	Lamprologini	F	doneJWI2	S_JWI2	Neolon	Lamprologini	M	doneJWI3	S_JWI3	Neolon	Lamprologini	F	doneJXA4	S_JXA4	Telbri	Lamprologini	F	doneJXB5	S_JXB5	JulmaN	Lamprologini	M	doneJXC1	S_JXC1	JulmaN	Lamprologini	F	doneJXD4	S_JXD4	Neofal	Lamprologini	M	doneJXD7	S_JXD7	Neofal	Lamprologini	F	doneJZF1	S_JZF1	Neople	Lamprologini	M	doneKCE5	S_KCE5	Neobou	Lamprologini	F	doneKCI7	S_KCI7	NeobrM	Lamprologini	F	doneKEC2	S_KEC2	Neosim	Lamprologini	F	doneKEE9	S_KEE9	Chando	Lamprologini	M	doneKFF4	S_KFF4	JulreK	Lamprologini	F	doneKFH4	S_KFH4	Neotre	Lamprologini	M	doneKFH5	S_KFH5	Neotre	Lamprologini	F	doneKHA7	S_KHA7	Neochi	Lamprologini	M	doneKHA9	S_KHA9	Neochi	Lamprologini	F	doneKHE6	S_KHE6	JulreK	Lamprologini	M	doneKYB8	S_KYB8	Telbif	Lamprologini	F	doneKYB9	S_KYB9	Neobou	Lamprologini	M	doneLBA1	S_LBA1	JulmaS	Lamprologini	F	doneLBF3	S_LBF3	JulmaS	Lamprologini	M	doneLCA1	S_LCA1	Neolou	Lamprologini	M	doneLCA2	S_LCA2	Neolou	Lamprologini	F	doneLCB4	S_LCB4	NeogrM	Lamprologini	M	doneLCB5	S_LCB5	NeofaM	Lamprologini	F	doneLCC2	S_LCC2	NeofaM	Lamprologini	M	doneLCC6	S_LCC6	NeogrM	Lamprologini	F	doneLDD1	S_LDD1	Lepmim	Lamprologini	M	doneLDD6	S_LDD6	Lepmim	Lamprologini	F	doneLDD9	S_LDD9	Chabif	Lamprologini	F	doneLDE1	S_LDE1	Chabif	Lamprologini	M	doneLDF4	S_LDF4	NeofuU	Lamprologini	F	doneLDF5	S_LDF5	NeofuU	Lamprologini	M	doneLDG2	S_LDG2	NeocaK	Lamprologini	M	doneA142	S_A142	Neohec	Lamprologini	M	doneHFG1287	S_HFG1287	Jultra	Lamprologini	M	doneIMD1	S_IMD1	Lepken	Lamprologini	M	doneIOH5	S_IOH5	Lepcun	Lamprologini	M	doneIWD6	S_IWD6	Lamsig	Lamprologini	F	doneJDF4	S_JDF4	Neomee	Lamprologini	F	doneJDI2	S_JDI2	Neolap	Lamprologini	M	doneJUD5	S_JUD5	TeldhN	Lamprologini	F	doneJUH9	S_JUH9	Neobri	Lamprologini	F	doneJWA1	S_JWA1	Julunt	Lamprologini	M	doneJWA2	S_JWA2	Julunt	Lamprologini	F	doneJWA7	S_JWA7	Neopec	Lamprologini	M	doneJWA9	S_JWA9	Lammel	Lamprologini	F	doneJWC9	S_JWC9	Tellan	Lamprologini	F	doneJWF6	S_JWF6	Lamtig	Lamprologini	F	doneJWG9	S_JWG9	Neohel	Lamprologini	M	doneJWH1	S_JWH1	Neogra	Lamprologini	F	doneJWH2	S_JWH2	Neogra	Lamprologini	M	doneJWH3	S_JWH3	Neomar	Lamprologini	M	doneJWH4	S_JWH4	Neomar	Lamprologini	F	doneJWH5	S_JWH5	Neooli	Lamprologini	F	doneJWH6	S_JWH6	Neooli	Lamprologini	M	doneJWH9	S_JWH9	NeoleL	Lamprologini	NA	doneJWI6	S_JWI6	Neopec	Lamprologini	F	doneJZF2	S_JZF2	Neople	Lamprologini	F	doneJZF3	S_JZF3	Lamorn	Lamprologini	M	doneJZF4	S_JZF4	Lamorn	Lamprologini	F	doneKAD2	S_KAD2	Leppro	Lamprologini	M	doneKAG7	S_KAG7	NeoveB	Lamprologini	M	doneJWA5	S_JWA5	Neovar	Lamprologini	M	doneJWA6	S_JWA6	Neovar	Lamprologini	F	doneITA4	S_ITA4	Gnaper	Limnochromini	F	doneITB1	S_ITB1	Lchaur	Limnochromini	F	doneITB3	S_ITB3	Gwcabe	Limnochromini	F	doneITB4	S_ITB4	Gwcabe	Limnochromini	M	doneITC2	S_ITC2	Gwcsta	Limnochromini	M	doneIUI1	S_IUI1	Regcal	Limnochromini	M	doneIUI4	S_IUI4	Regcal	Limnochromini	F	doneIUI5	S_IUI5	Gnaper	Limnochromini	M	doneIXB6	S_IXB6	Gwcbel	Limnochromini	M	doneIZE4	S_IZE4	Gwcchr	Limnochromini	M	doneIZF1	S_IZF1	Gwcchr	Limnochromini	F	doneJAB7	S_JAB7	Baicen	Limnochromini	M	doneJAE9	S_JAE9	Baicen	Limnochromini	F	doneJAF5	S_JAF5	Lchaur	Limnochromini	M	doneJEG5	S_JEG5	Trioto	Limnochromini	F	doneJEG6	S_JEG6	Trioto	Limnochromini	M	doneLJA7	S_LJA7	Tchdha	Limnochromini	M	doneITA6	S_ITA6	Gwcsta	Limnochromini	F	doneIXB5	S_IXB5	Gwcbel	Limnochromini	F	doneLJA8	S_LJA8	Tchdha	Limnochromini	F	doneKYH4	S_KYH4	Oremal	Oreochromini	F	doneJAB6	S_JAB5	Oretan	Oreochromini	M	doneJAC7	S_JAC6	Oretan	Oreochromini	F	doneJWD5	S_JWD5	Parpol	Paratilapini	M	doneJWF2	S_JWF2	Pelmar	Pelmatolapini	Juvenile	doneIQB6	S_IQB6	Hapmic	Perissodini	F	doneIQC4	S_IQC4	Permic	Perissodini	M	doneIQI4	S_IQI4	Permic	Perissodini	F	doneLEC7	S_LEC7	Plepar	Perissodini	F	doneINE9	S_INE9	Plestr	Perissodini	M	doneIQB8	S_IQB8	Hapmic	Perissodini	M	doneJDI4	S_JDI4	Plepar	Perissodini	M	doneINE8	S_INE8	Plestr	Perissodini	F	doneIUI7	S_IUI7	Xchhec	Perissodini	M	doneIXA4	S_IXA4	Perecc	Perissodini	M	doneIZA8	S_IZA8	Plemul	Perissodini	F	doneIZA9	S_IZA9	Plemul	Perissodini	M	doneJAH7	S_JAH7	Xchhec	Perissodini	F	doneLHI4	S_LHI4	Pleela	Perissodini	M	doneLHI6	S_LHI6	Pleela	Perissodini	F	doneIZB2	S_IZB2	Perecc	Perissodini	M	doneFPO1	S_FPO1	Ptyoli	Ptychochromini	M	doneJWF3	S_JWF3	Phaacu	Serranochromini	M	doneJWF5	S_JWF5	Sermac	Serranochromini	M	doneJWE8	S_JWE8	Steult	Steatocranini	M	doneJWF7	S_JWF7	Tilspa	Tilapiini	M	doneGPA1	S_GPA1	Trenig	Trematocarini	F	doneISA1	S_ISA1	Tremar	Trematocarini	M	doneISA3	S_ISA3	Tremar	Trematocarini	F	doneIUE5	S_IUE5	Trenig	Trematocarini	M	doneIXA3	S_IXA3	Treuni	Trematocarini	M	doneIXA6	S_IXA6	Treuni	Trematocarini	F	doneBel33	S_Bel33	Trevar	Trematocarini	F	doneIZE1	S_IZE1	Tresti	Trematocarini	M	doneLFC9	S_LFC9	Trezeb	Trematocarini	M	doneLFE4	S_LFE4	Trezeb	Trematocarini	F	doneLJC8	S_LJC8	Trecap	Trematocarini	NA	doneIUD8	S_IUD8	Tremac	Trematocarini	M	doneIUD9	S_IUD9	Tremac	Trematocarini	F	doneIUE7	S_IUE7	Tresti	Trematocarini	M	doneAVA8	S_AVA8	Ctehor	Tropheini	M	doneAXA7	S_AXA7	Ctehor	Tropheini	F	doneAWB7	S_AWB7	Gnapfe	Tropheini	M	doneAWE2	S_AWE2	Gnapfe	Tropheini	F	doneIPB6	S_IPB6	Intloo	Tropheini	F	doneIPF3	S_IPF3	Intloo	Tropheini	M	doneISD8	S_ISD8	Loblab	Tropheini	M	doneISE5	S_ISE5	Loblab	Tropheini	F	doneIPC1	S_IPC1	Peteph	Tropheini	F	doneIYA5	S_IYA5	Peteph	Tropheini	M	doneIYA6	S_IYA6	Petfam	Tropheini	F	doneIYA7	S_IYA7	Petfam	Tropheini	M	doneGPH7	S_GPH7	Petfas	Tropheini	M	doneJAE1	S_JAE1	Petfas	Tropheini	F	doneLDA4	S_LDA4	Petmac	Tropheini	M	doneLJB1	S_LJB1	Petmac	Tropheini	F	doneAUB6	S_AUB6	Simple	Tropheini	M	doneAVB6	S_AVB6	Simple	Tropheini	F	doneJUA3	S_JUA3	Simbab	Tropheini	M	doneJUA4	S_JUA4	Simbab	Tropheini	F	doneAUD8	S_AUD8	Simdia	Tropheini	F	doneAUE1	S_AUE1	Simdia	Tropheini	M	doneJBH4	S_JBH4	Tromoo	Tropheini	M	doneJBH5	S_JBH5	Tromoo	Tropheini	F	doneJVC3	S_JVC3	Tronig	Tropheini	F	doneJVC9	S_JVC9	Tronig	Tropheini	M	doneAWB9	S_AWB9	Petpol	Tropheini	M	doneAWI4	S_AWI4	Petpol	Tropheini	F	doneAWI5	S_AWI5	Limdar	Tropheini	F	doneAWI6	S_AWI6	Limdar	Tropheini	M	doneAXF8	S_AXF8	Psccur	Tropheini	F	doneIOD9	S_IOD9	Trored	Tropheini	M	doneIOE1	S_IOE1	Trored	Tropheini	F	doneIWB5	S_IWB5	Pethor	Tropheini	M	doneIWB6	S_IWB6	Pethor	Tropheini	F	doneIWD4	S_IWD4	Pettre	Tropheini	F	doneJWG5	S_JWG5	Troann	Tropheini	F	doneJXH4	S_JXH4	Petort	Tropheini	F	doneJYI8	S_JYI8	Trobri	Tropheini	M	doneJZA3	S_JZA3	Trobri	Tropheini	F	doneKED6	S_KED6	Trolun	Tropheini	M	doneKED7	S_KED7	Trolun	Tropheini	F	doneKEF3	S_KEF3	Troluk	Tropheini	F	doneKFE8	S_KFE8	Simmrg	Tropheini	M	doneKFF1	S_KFF1	Simmrg	Tropheini	F	missingKHA4	S_KHA4	Trodub	Tropheini	M	doneKHA5	S_KHA5	Trodub	Tropheini	F	doneLCD1	S_LCD1	Petred	Tropheini	M	doneLCD5	S_LCD5	Petred	Tropheini	F	doneLCF1	S_LCF1	Trokir	Tropheini	M	doneLCF3	S_LCF3	Trokir	Tropheini	F	doneLCF6	S_LCF6	Petmos	Tropheini	M	doneLCF8	S_LCF8	Petmos	Tropheini	F	doneLDC6	S_LDC6	Petgia	Tropheini	M	doneLDE3	S_LDE3	Petkip	Tropheini	M	doneLDE4	S_LDE4	Petkip	Tropheini	F	doneLDI5	S_LDI5	Trompi	Tropheini	M	doneLDI7	S_LDI7	Trompi	Tropheini	F	doneLFA6	S_LFA6	Petiko	Tropheini	M	doneLFA8	S_LFA8	Petiko	Tropheini	F	doneLGA5	S_LGA5	TrobrK	Tropheini	M	doneLGA6	S_LGA6	TrobrK	Tropheini	F	doneLGB5	S_LGB5	Petrai	Tropheini	M	doneLGB8	S_LGB8	Petrai	Tropheini	F	doneLHB1	S_LHB1	Pettex	Tropheini	M	doneLHB3	S_LHB3	Pettex	Tropheini	F	doneLHD9	S_LHD9	Tromor	Tropheini	M	doneIWC9	S_IWC9	Pettre	Tropheini	M	doneJWG4	S_JWG4	Troann	Tropheini	M	doneJXH5	S_JXH5	Petort	Tropheini	M	doneKCE7	S_KCE7	Simmar	Tropheini	M	doneKCF3	S_KCF3	Simmar	Tropheini	F	doneKEA4	S_KEA4	Petkas	Tropheini	F	doneKEB4	S_KEB4	Petkas	Tropheini	M	doneKEF2	S_KEF2	Troluk	Tropheini	M	doneLEF8	S_LEF8	Tropol	Tropheini	M	doneLEF9	S_LEF9	Tropol	Tropheini	F	doneJAG2	S_JAG1	Tylpol	Tylochromini	M	doneJAH5	S_JAH4	Tylpol	Tylochromini	F	doneJED5	S_JED5	NeoveS	Lamprologini	F	doneLHD2	S_LHD2	Petgia	Tropheini	F	doneAYC7	S_AYC7	Psccur	Tropheini	M	doneIQB9	S_IQB9	Pcybri	Cyprichromini	M	doneKAG8	S_KAG8	NeoveB	Lamprologini	F	doneKCG2	S_KCG2	Lamspe	Lamprologini	M	doneKCG3	S_KCG3	Lamspe	Lamprologini	F	doneKCI6	S_KCI6	NeobrM	Lamprologini	M	doneKEC1	S_KEC1	Neosim	Lamprologini	M	doneKEH3	S_KEH3	Neoleu	Lamprologini	M	doneLHC1	S_LHC1	TeldhT	Lamprologini	M	doneLHF2	S_LHF2	TeldhT	Lamprologini	F	doneLJC2	S_LJC2	Jultra	Lamprologini	F	doneLJC3	S_LJC3	Neonve	Lamprologini	M	doneIRD7	S_IRD7	Ectdes	Ectodini	M	doneIUF8	S_IUF8	Xensim	Ectodini	F	doneIVB4	S_IVB4	Xenbat	Ectodini	M	doneJVH4	S_JVH4	Xenoch	Ectodini	M	doneJYG5	S_JYG5	Ophpar	Ectodini	F	doneJZE6	S_JZE6	Xenorn	Ectodini	M	doneLFI4	S_LFI4	Ophboo	Ectodini	M	doneLDG3	S_LDG3	NeocaK	Lamprologini	F	doneLEE1	S_LEE1	Neoleu	Lamprologini	F	doneLFB7	S_LFB7	Neoese	Lamprologini	M	doneLFB9	S_LFB9	Neoese	Lamprologini	F	doneLFF7	S_LFF7	Lepkam	Lamprologini	M	doneLFF8	S_LFF8	Lepkam	Lamprologini	F	doneLFG8	S_LFG8	Julmrk	Lamprologini	M	doneLFH1	S_LFH1	Julmrk	Lamprologini	F	doneLGE2	S_LGE2	Neotim	Lamprologini	M	doneLGE3	S_LGE3	Neotim	Lamprologini	F	doneLGG6	S_LGG6	Chacya	Lamprologini	M	doneLGG7	S_LGG7	Chacya	Lamprologini	F	doneLGH8	S_LGH8	Neopet	Lamprologini	M	doneLGI1	S_LGI1	Neopet	Lamprologini	F	doneLHA2	S_LHA2	LepmeK	Lamprologini	F	doneLHA5	S_LHA5	LepmeK	Lamprologini	M	doneLHF6	S_LHF6	Neobif	Lamprologini	M	doneLHF7	S_LHF7	Neobif	Lamprologini	F	doneLJC9	S_LJC9	Neocan	Lamprologini	NA	doneKYB7	S_KYB7	Telbif	Lamprologini	M	doneKEF1	S_KEF1	Chando	Lamprologini	F	doneIZC5	S_IZC5	Astbur	Haplochromini	F	failedIRF6	S_IRF6	Neomul	Lamprologini	M	failedZ13	S_Z13	Kondik	Oreochromini	M	NAZ14	S_Z14	Kondik	Oreochromini	F	NAZ01	S_Z01	Koneis	Oreochromini	M	NAZ02	S_Z02	Koneis	Oreochromini	F	NAZ15	S_Z15	Myamya	Oreochromini	M	NAZ16	S_Z16	Myamya	Oreochromini	F	NAZ03	S_Z03	Punmac	Oreochromini	M	NAZ04	S_Z04	Punmac	Oreochromini	F	NAZ17	S_Z17	Sthcar	Oreochromini	M	NAZ18	S_Z18	Sthcar	Oreochromini	F	NAZ19	S_Z19	Sthlin	Oreochromini	M	NAZ20	S_Z20	Sthlin	Oreochromini	F	NAZ05	S_Z05	Sthloh	Oreochromini	M	NAZ06	S_Z06	Sthloh	Oreochromini	F	NAZ07	S_Z07	Sthste	Oreochromini	M	NAZ08	S_Z08	Sthste	Oreochromini	F	NAZ11	S_Z11	Stomar	Oreochromini	M	NAZ12	S_Z12	Stomar	Oreochromini	F	NAZ21	S_Z21	Stomon	Oreochromini	M	NAZ22	S_Z22	Stomon	Oreochromini	F	NAZ09	S_Z09	Stopin	Oreochromini	M	NAZ10	S_Z10	Stopin	Oreochromini	F	NAKEB8	S_KEB8	Leppro	Lamprologini	F	pending AstridLJD1	S_LJD1	Neocan	Lamprologini	NA	pending AstridKDC6	S_KDC6	Ortmaz	Haplochromini	M	pending Astrid, more memoryJWG1	S_JWG1	Psephi	Haplochromini	M	pending Astrid, more memoryJWG2	S_JWG2	Ctepol	Haplochromini	M	pending Astrid, more memoryLJE8	S_LJE8	Hplkil	Haplochromini	M	pending Astrid, more memoryLEH2	S_LEH2	Neodev	Lamprologini	M	pending Astrid, more memoryLJD3	S_LJD3	Neospl	Lamprologini	M	doneJWE7	S_JWE7	Gobeth	Gobiocichlini	M	running again